{
  "states": [
    "0",
    "1",
    "2"
  ],
  "stability_gain": 0.09067561665788437,
  "control_shift": 0.11670511649796307,
  "controlled_matrix": [
    [
      0.7209737819081835,
      0.051498127279155974,
      0.22752808978269792
    ],
    [
      0.25373134304815814,
      0.746268655832439,
      0.0
    ],
    [
      0.9999999985294118,
      0.0,
      0.0
    ]
  ]
}