Noise,Vector_RelGap,L2_RelGap,Sum_RelGap,DistRef_RelGap
0.0,0.9999956400519284,0.7143719274793057,0.6761619624531536,0.9999998507362241
0.01,0.9999955320675806,0.7130051839269281,0.676166452195831,0.9963518908910121
0.05,0.9065786809154665,0.7113954622157022,0.6780688112167067,0.993231377919688
0.1,0.9999960181224594,0.698824673460405,0.6571242656013614,0.9918261218033695
0.2,0.9999953317555526,0.6532478770782153,0.6206121966325552,0.9913896971492319
