{
  "states": [
    "0",
    "1",
    "2"
  ],
  "collapse_energy": -0.05006235652197415,
  "risk": {
    "0": 1.0000000013333337,
    "1": -0.833333332388889,
    "2": -0.1666666689444446
  },
  "critical_states": [
    {
      "state": "0",
      "risk": 1.0000000013333337
    }
  ],
  "plot": "causal_output\\collapse_risk.png"
}