dataset,ARI_iccs_hmm,ARI_iccs_koopman,ARI_iccs_changepoint,ARI_hmm_koopman
logistic,0.6770976875133239,0.9930765258601651,0.008726587515648188,0.6819731807396532
lorenz,0.5048110443973916,0.7014734374760847,-0.003155153320856968,0.40830415361459776
brownian,0.8488897236862775,0.8408823181367421,0.008810522262704689,0.9241309917339633
